Repr_Calle;species;longitude;latitude
2;;15.2347493400;61.5212833991
2;;15.0317920300;61.7648583989
2;;15.1786354700;61.7565678645
2;;16.4907699100;61.8798061679
2;;16.5949044600;61.9367033406
2;;16.6630593600;61.9813299475
2;;16.6241697900;62.0137123249
2;;17.1753431000;62.0490587578
1;Margaritifera1;20.5689551700;66.3278863499
1;Margaritifera1;14.8328971400;62.2172535122
1;Margaritifera1;14.6288049100;62.3448598874
1;Margaritifera1;15.0712388300;57.7942232765
1;Margaritifera1;16.5620064500;61.4391504601
1;Margaritifera1;19.8087398500;65.8953057099
1;Margaritifera1;18.1923094700;63.7219311675
1;Margaritifera1;15.3357078700;62.5942151095
1;Margaritifera1;17.2996134100;63.1003183993
1;Margaritifera1;14.8714121000;63.8286341994
1;Margaritifera1;14.7662294400;62.1549957673
1;Margaritifera1;19.8129691100;66.0805426877
1;Margaritifera1;16.9396765200;63.1110874390
1;Margaritifera1;16.2171448200;62.4737200852
1;Margaritifera1;12.4778778400;59.7567572318
1;Margaritifera1;15.9033358500;62.6622399410
1;Margaritifera1;15.8069829400;62.7536663762
1;Margaritifera1;16.2943694800;63.1496472464
1;Margaritifera1;16.0438146200;65.2616885498
1;Margaritifera1;19.7624008500;65.8238786223
1;Margaritifera1;16.6623009700;60.8836277366
1;Margaritifera1;15.7272318700;62.0103003071
1;Margaritifera1;17.9169184000;63.0854069355
1;Margaritifera1;19.7469739100;65.8521988463
1;Margaritifera1;16.2098951400;63.6490525864
1;Margaritifera1;15.8745087900;61.2985447864
1;Margaritifera1;20.1977683500;66.6683961921
1;Margaritifera1;16.8234052600;63.8437954252
1;Margaritifera1;18.1376039200;63.0347495441
1;Margaritifera1;14.9093583000;62.2154843961
1;Margaritifera1;14.5596800600;59.5915692473
1;Margaritifera1;16.9621372600;62.5826778618
1;Margaritifera1;12.4649810700;59.6428345504
1;Margaritifera1;15.4020720900;62.3851761111
1;Margaritifera1;16.4530008000;62.4646858795
1;Margaritifera1;16.6279263800;62.5784180065
1;Margaritifera1;15.1764735600;63.7556315223
1;Margaritifera1;15.5784116100;64.4561091108
1;Margaritifera1;15.0117285800;59.5020158363
1;Margaritifera1;14.5236262700;59.5849326377
1;Margaritifera1;17.4689570400;62.1647469996
1;Margaritifera1;16.8115402700;62.4202942977
1;Margaritifera1;15.5279136000;62.5573770301
1;Margaritifera1;18.2493119700;63.0816824702
1;Margaritifera1;16.2781871500;62.6654913667
1;Margaritifera1;15.5784116100;64.4561091108
1;Margaritifera1;16.0528869300;65.2297426014
1;Margaritifera1;20.6022106000;66.5696281466
1;Margaritifera1;16.2152886400;60.8766632499
1;Margaritifera1;15.6164015900;62.6586154361
1;Margaritifera1;16.2176510300;63.1536561901
1;Margaritifera1;16.1977465900;63.6918872054
1;Margaritifera1;20.8704773400;65.7357130210
1;Margaritifera1;19.0391077800;65.7105487053
1;Margaritifera1;15.8020126300;57.2009573498
1;Margaritifera1;17.1337529000;62.7309197387
1;Margaritifera1;20.4711460900;66.6315648519
1;Margaritifera1;18.5471486900;64.9881645260
1;Margaritifera1;15.5691618100;62.3605369820
1;Margaritifera1;15.7960687700;62.6115546760
1;Margaritifera1;15.4207349700;64.5817805750
1;Margaritifera1;14.6131297200;64.3669922652
1;Margaritifera1;17.9323870200;64.1757962983
1;Margaritifera1;17.6745531900;64.1938187045
1;Margaritifera1;14.5792831600;59.3973227845
1;Margaritifera1;14.9063111300;59.4196450897
1;Margaritifera1;14.5054908700;60.5754282876
1;Margaritifera1;16.9416857800;62.2766277666
1;Margaritifera1;15.1351292500;62.5705060958
1;Margaritifera1;16.8959216200;62.5772787409
1;Margaritifera1;15.1189453800;59.5519445283
1;Margaritifera1;16.1896986400;61.1321000085
1;Margaritifera1;18.8857728300;64.8268621834
1;Margaritifera1;13.2776034100;59.9527600679
1;Margaritifera1;15.3713330900;61.9456208520
1;Margaritifera1;16.7173105000;62.6018867281
1;Margaritifera1;17.7863845100;62.6896813057
1;Margaritifera1;16.5998304100;62.8087508592
1;Margaritifera1;18.0307875500;63.0340875432
1;Margaritifera1;16.5190049400;63.4361508397
1;Margaritifera1;17.3267324200;65.5163674514
1;Margaritifera1;20.5569136600;66.6113209646
1;Margaritifera1;13.5662422100;57.8315753772
1;Margaritifera1;19.0551873700;64.7864250345
1;Margaritifera1;15.8431560700;64.9027479313
1;Margaritifera1;20.7045686600;67.0714777184
1;Margaritifera1;14.7217524000;59.6513164931
1;Margaritifera1;15.1623627600;60.4752803691
1;Margaritifera1;16.8403976400;61.6118284410
1;Margaritifera1;16.8296130300;62.3201252234
1;Margaritifera1;14.1989522700;59.6834608646
1;Margaritifera1;16.8933520800;61.3595686563
1;Margaritifera1;17.8620529400;64.8270105145
1;Margaritifera1;16.2082156100;65.0791776022
1;Margaritifera1;22.0883069400;66.0549942142
1;Margaritifera1;23.5927579900;66.5924458923
1;Margaritifera1;14.9067989300;59.9588043172
1;Margaritifera1;20.2990340500;64.4413300969
1;Margaritifera1;16.1173456200;64.8186964519
1;Margaritifera1;16.2541378200;65.1802962414
1;Margaritifera1;21.1127208900;65.4974073884
1;Margaritifera1;13.2887907000;60.9411788503
1;Margaritifera1;14.7008962700;62.5016664208
1;Margaritifera1;17.1024340300;65.4710994905
1;Margaritifera1;15.6172955800;62.6574984765
1;Margaritifera1;14.5125493500;62.9152458962
1;Margaritifera1;20.3875370300;65.2386857052
1;Margaritifera1;18.8193479400;63.9425340612
1;Margaritifera1;17.5472656000;65.5650031610
1;Margaritifera1;14.8514846300;59.4578402788
1;Margaritifera1;16.0457903400;65.2715635731
1;Margaritifera1;19.8512071000;66.0645315197
1;Margaritifera1;20.4983045500;66.3895945517
1;Margaritifera1;21.7984211300;67.3702994520
1;Margaritifera1;12.9109745900;56.2641293043
1;Margaritifera1;16.5096238400;60.8375206849
1;Margaritifera1;15.8153680200;61.7575115482
1;Margaritifera1;14.4798958000;64.4064868143
1;Margaritifera1;19.9756770900;66.5333319781
1;Margaritifera1;14.9846462200;62.4992032469
1;Margaritifera1;14.8746847200;63.9198058936
1;Margaritifera1;20.7518597100;65.5198894327
1;Margaritifera1;15.0144378100;59.4763508231
1;Margaritifera1;16.6974359300;61.4663629241
1;Margaritifera1;16.0806238200;62.6300343179
1;Margaritifera1;16.3223508700;65.1432312151
1;Margaritifera1;12.6606049400;56.9872087240
1;Margaritifera1;15.5208428900;59.9192244819
1;Margaritifera1;14.8118275000;60.5629133146
1;Margaritifera1;12.3391344000;59.9504880101
1;Margaritifera1;18.7313850200;64.4636749587
1;Margaritifera1;17.2904138700;65.4478788551
1;Margaritifera1;19.2298386200;65.5742802520
1;Margaritifera1;17.4804876400;65.7439271294
1;Margaritifera1;20.1021073600;66.5778392491
1;Margaritifera1;17.5777509500;62.9630054156
1;Margaritifera1;16.3177456100;65.1527035695
1;Margaritifera1;16.4296843500;60.7518220160
1;Margaritifera1;15.5346382900;64.5679516217
1;Margaritifera1;21.5243124700;66.1451027432
1;Margaritifera1;15.3650684300;57.4929789568
1;Margaritifera1;19.0057858100;63.3124566715
1;Margaritifera1;16.6445308200;63.8352677360
1;Margaritifera1;14.6822501500;59.1536903882
1;Margaritifera1;14.7129296700;57.5198504761
1;Margaritifera1;14.9247646800;59.3221327784
1;Margaritifera1;16.7972657500;61.5170661272
1;Margaritifera1;15.1425091300;62.3356146603
1;Margaritifera1;14.9227117700;61.9558749293
1;Margaritifera1;15.8788025300;61.3099102366
1;Margaritifera1;16.6773078600;61.4578482637
1;Margaritifera1;16.2026590900;62.1250950387
1;Margaritifera1;20.8211539900;65.0938215894
1;Margaritifera1;17.4722923600;65.7445089033
1;Margaritifera1;15.8414002300;65.0173310287
1;Margaritifera1;20.5771488200;65.6680319310
1;Margaritifera1;15.6077007400;57.4374537514
1;Margaritifera1;12.7900160100;56.8761638802
1;Margaritifera1;12.1031277800;58.1840745225
1;Margaritifera1;12.9163524700;59.8525692166
1;Margaritifera1;12.8840968800;59.9055632917
1;Margaritifera1;12.7730213800;61.6730023420
1;Margaritifera1;16.1052217800;62.2482138209
1;Margaritifera1;16.7636012700;63.6231749433
1;Margaritifera1;18.8101223600;63.8775453754
1;Margaritifera1;12.8288991500;57.6493179903
1;Margaritifera1;12.2119338700;58.9561137815
1;Margaritifera1;15.4196183300;60.5537316280
1;Margaritifera1;15.8089359100;62.7520574007
1;Margaritifera1;15.3714969600;57.7297798243
1;Margaritifera1;11.9112492000;58.2163490666
1;Margaritifera1;14.9447230800;60.6023331244
1;Margaritifera1;19.1163361700;63.3424261592
1;Margaritifera1;15.0007055000;61.9608427163
1;Margaritifera1;13.7846677900;60.8424343105
1;Margaritifera1;18.3580058200;63.2168924722
1;Margaritifera1;14.5747044400;59.5588509774
1;Margaritifera1;20.3559880500;64.7412120602
1;Margaritifera1;14.5245720200;59.4726673524
1;Margaritifera1;17.7098710400;62.6140382148
1;Margaritifera1;19.9978305600;66.4268691048
1;Margaritifera1;14.7745286000;60.5733784237
1;Margaritifera1;19.7559458500;63.8405468356
1;Margaritifera1;15.0024172100;60.4478506661
1;Margaritifera1;14.6638091600;61.7601144767
1;Margaritifera1;17.1010131200;62.5755251705
1;Margaritifera1;20.3668369000;64.1504941826
1;Margaritifera1;22.2237627700;66.2577035671
1;Margaritifera1;15.6472776300;61.4878198011
1;Margaritifera1;15.2586133500;61.9446665699
1;Margaritifera1;17.6388688500;62.9465550600
1;Margaritifera1;15.9463024600;59.6524548083
1;Margaritifera1;20.8991281800;67.2224086392
1;Margaritifera1;17.2795739300;65.3716577006
1;Margaritifera1;20.2960901100;67.2965761685
1;Margaritifera1;19.7987420500;66.0709146769
1;Margaritifera1;16.9913593000;62.3277526995
1;Margaritifera1;17.3611479800;63.1995819041
1;Margaritifera1;12.5391036500;57.5122629600
1;Margaritifera1;12.3442978400;58.0095548588
1;Margaritifera1;16.4447056100;61.5957509443
1;Margaritifera1;13.6470876400;57.8210094657
1;Margaritifera1;12.8860498000;57.2979335128
1;Margaritifera1;17.0414198700;61.5469031233
1;Margaritifera1;15.8638693400;64.9462765489
1;Margaritifera1;16.1132960200;61.0298633971
1;Margaritifera1;15.8311213200;62.0973926481
1;Margaritifera1;21.3456544500;66.2921170156
1;Margaritifera1;20.3316199000;66.5802190061
1;Margaritifera1;14.5977184000;59.3275953995
1;Margaritifera1;16.8533017700;63.6758381791
1;Margaritifera1;20.4853761700;65.4658463159
1;Margaritifera1;21.9979915600;66.0772161399
1;Margaritifera1;20.3056478000;67.2805509475
1;Margaritifera1;16.2251778200;61.9556593394
1;Margaritifera1;17.2722432500;62.1225838814
1;Margaritifera1;14.5204064500;60.3208614596
1;Margaritifera1;16.0818356000;62.2590629003
1;Margaritifera1;18.9097347200;63.7289082908
1;Margaritifera1;14.2929765200;60.9970397990
1;Margaritifera1;15.8514127200;61.5425218706
1;Margaritifera1;15.7868236400;61.7546438326
1;Margaritifera1;12.6749028200;61.7377947563
1;Margaritifera1;16.8647606900;62.5090112120
1;Margaritifera1;16.8034583300;62.7879192168
1;Margaritifera1;12.7782381400;56.9794414025
1;Margaritifera1;15.8754053600;61.6469871561
1;Margaritifera1;16.2663085400;65.4505938643
1;Margaritifera1;20.7589392700;65.9199246247
1;Margaritifera1;12.6524910700;59.4476734368
1;Margaritifera1;17.0869628400;62.4191985190
1;Margaritifera1;17.2207751900;65.9144524633
1;Margaritifera1;19.8670138100;66.0482224215
1;Margaritifera1;14.9082230300;59.6700059015
1;Margaritifera1;14.8425997700;64.2424596130
1;Margaritifera1;15.9117311100;60.7401166025
1;Margaritifera1;17.8306761200;63.5015606309
1;Margaritifera1;20.6092020500;66.3261214634
1;Margaritifera1;14.8236506400;62.2266582204
1;Margaritifera1;20.3794735000;64.7320269292
1;Margaritifera1;16.9969046900;65.3945185342
1;Margaritifera1;20.9248290100;65.6732272963
1;Margaritifera1;15.6925604500;57.5240620751
1;Margaritifera1;15.5165740100;56.2309931937
1;Margaritifera1;16.0407133200;64.9312111544
1;Margaritifera1;16.6341614700;61.0394502853
1;Margaritifera1;21.1435763900;65.5422316124
1;Margaritifera1;16.8615973000;62.5196392155
1;Margaritifera1;16.7363693100;63.9283501763
1;Margaritifera1;14.6818347500;62.5179336908
1;Margaritifera1;12.6567769100;59.3114582226
1;Margaritifera1;14.6184724000;61.7773125527
1;Margaritifera1;14.7295227300;62.3372289488
1;Margaritifera1;16.8407825600;62.5781048650
1;Margaritifera1;17.7114343400;62.5089407579
1;Margaritifera1;12.4499705100;57.6042841975
1;Margaritifera1;16.4901835000;60.7380081802
1;Margaritifera1;15.3045778000;62.0476426349
1;Margaritifera1;14.9016712000;62.0544513192
1;Margaritifera1;14.5894261100;62.3606641698
1;Margaritifera1;20.3408007000;65.8333795334
1;Margaritifera1;21.3314706800;67.3516326184
1;Margaritifera1;13.8685472200;57.6810645062
1;Margaritifera1;15.9848941900;62.6131279107
1;Margaritifera1;19.6627752300;63.6052417465
1;Margaritifera1;15.6144612100;56.2223606554
1;Margaritifera1;14.0292535200;61.2162426600
1;Margaritifera1;16.1966462200;61.1920436274
1;Margaritifera1;15.1039513700;56.1803211390
1;Margaritifera1;12.8928983800;60.3851702267
1;Margaritifera1;16.0776881200;60.6473076072
1;Margaritifera1;17.8778343200;62.7075683240
1;Margaritifera1;20.8711612600;67.4412297090
1;Margaritifera1;12.6464156500;57.0893529953
1;Margaritifera1;20.1760158500;63.8880057335
1;Margaritifera1;19.7767078500;65.8221461661
1;Margaritifera1;15.0955441000;57.8317534185
1;Margaritifera1;15.3918329400;57.5137119494
1;Margaritifera1;17.3571878200;63.1296338936
1;Margaritifera1;17.4423345600;63.3014505605
1;Margaritifera1;15.0335840000;59.8094423065
1;Margaritifera1;16.4231953200;61.1909482531
1;Margaritifera1;14.7836290900;61.6464823638
1;Margaritifera1;15.6244394900;61.8918141927
1;Margaritifera1;19.0979071800;64.3980095807
1;Margaritifera1;19.0884059400;65.5341375022
1;Margaritifera1;19.1834189800;66.5666393687
1;Margaritifera1;13.6841169100;57.8817847044
1;Margaritifera1;14.7809608100;59.1787701332
1;Margaritifera1;15.1047198800;59.8071061638
1;Margaritifera1;15.4737605200;61.6429967043
1;Margaritifera1;16.8126950600;62.3154624057
1;Margaritifera1;21.0219127100;66.2467164912
1;Margaritifera1;13.7190203900;57.5616672742
1;Margaritifera1;16.0014347300;60.7677426460
1;Margaritifera1;15.5207564900;62.5262209292
1;Margaritifera1;15.6115847500;59.9994714478
1;Margaritifera1;15.1086922700;60.2052973009
1;Margaritifera1;16.2594146200;62.0988153896
1;Margaritifera1;15.6776142500;64.1409927399
0;Margaritifera0;20.2098360300;65.2886755440
0;Margaritifera0;16.5770117300;61.0112962762
0;Margaritifera0;21.8711255600;66.4107707812
0;Margaritifera0;16.5613245300;61.5068785609
0;Margaritifera0;16.7812540900;61.6009114696
0;Margaritifera0;12.1676543800;57.4956244580
0;Margaritifera0;16.4897560800;61.1242345448
0;Margaritifera0;16.7626798400;61.4202055175
0;Margaritifera0;19.8035340100;66.0741195855
0;Margaritifera0;15.5820772900;57.4225280401
0;Margaritifera0;13.0136266800;60.1524534357
0;Margaritifera0;14.8269984900;60.0776271764
0;Margaritifera0;12.6641754400;57.0521040631
0;Margaritifera0;16.9350416500;61.5902720040
0;Margaritifera0;14.9808209500;61.8038023777
0;Margaritifera0;16.8846627500;61.8347012891
0;Margaritifera0;14.2552699100;58.4169419305
0;Margaritifera0;15.2545366500;62.3448079960
0;Margaritifera0;16.0391441500;62.4161718819
0;Margaritifera0;17.6396114000;63.0013696575
0;Margaritifera0;12.1933982400;59.8223805790
0;Margaritifera0;12.2154916500;58.7509191554
0;Margaritifera0;18.6828720500;63.3278334467
0;Margaritifera0;18.0844885400;63.5708355109
0;Margaritifera0;16.1734075000;60.9821431822
0;Margaritifera0;12.2121941200;58.7743819112
0;Margaritifera0;12.4392519100;59.7579684823
0;Margaritifera0;17.8134137900;62.7340333403
0;Margaritifera0;18.5149577100;63.2022327560
0;Margaritifera0;13.3709890000;56.0494331744
0;Margaritifera0;20.2636958500;65.9490043725
0;Margaritifera0;13.9764394800;55.9295774842
0;Margaritifera0;13.9477616300;55.9488975227
0;Margaritifera0;15.3024817500;61.9809957495
0;Margaritifera0;14.8405024700;62.4738726147
0;Margaritifera0;14.7782650800;59.7098014429
0;Margaritifera0;15.7035515500;61.3202230808
0;Margaritifera0;16.0931931700;62.2397986933
0;Margaritifera0;16.2437410500;62.7118077467
0;Margaritifera0;14.1911222600;64.4603168437
0;Margaritifera0;14.8405218200;62.4738816128
0;Margaritifera0;14.0819803100;57.9447226622
0;Margaritifera0;12.1290895000;57.5409390535
0;Margaritifera0;12.3930750400;57.6969422122
0;Margaritifera0;15.9762083500;62.6144723612
0;Margaritifera0;16.3941556300;60.9511098652
0;Margaritifera0;15.8957681600;61.7055599955
0;Margaritifera0;16.0979272200;61.6686807789
0;Margaritifera0;16.9136140200;62.1516238346
0;Margaritifera0;15.6155972100;57.4404696822
0;Margaritifera0;12.5174167400;57.6555908005
0;Margaritifera0;13.1332230200;60.0245893597
0;Margaritifera0;17.3101278000;62.5760533021
0;Margaritifera0;17.0352554400;63.4127122325
0;Margaritifera0;12.8978898600;59.6866013911
0;Margaritifera0;16.0732415900;61.2093195842
0;Margaritifera0;16.1851279400;61.6234853146
0;Margaritifera0;15.7570316100;62.0673952059
0;Margaritifera0;15.0820333000;59.7071882905
0;Margaritifera0;12.6484930600;57.0914768600
0;Margaritifera0;13.0551488300;56.6257335726
0;Margaritifera0;16.8910032400;62.2023521633
0;Margaritifera0;17.9889119200;62.9806257638
0;Margaritifera0;12.5503226600;57.3053640363
0;Margaritifera0;12.7745444900;57.4934981228
0;Margaritifera0;12.7070070700;57.1284435614
0;Margaritifera0;16.8079476800;62.2225850566
0;Margaritifera0;17.7202989000;62.5151722895
0;Margaritifera0;14.9270811800;59.4136237324
0;Margaritifera0;16.8182056600;61.5453170674
0;Margaritifera0;13.6702879500;59.9280162504
0;Margaritifera0;16.9280007700;62.1973350097
0;Margaritifera0;19.9783860700;65.3261024054
0;Margaritifera0;13.7687558700;57.8744410045
0;Margaritifera0;12.6801575400;57.1038482452
0;Margaritifera0;16.9437537900;62.5233150123
0;Margaritifera0;17.6730448500;63.0243255064
0;Margaritifera0;14.4195664700;58.9348003783
0;Margaritifera0;13.8376060300;60.2584649161
0;Margaritifera0;14.3062337800;60.6368913002
0;Margaritifera0;13.7693802300;60.8571917160
0;Margaritifera0;13.0752497100;61.5078827048
0;Margaritifera0;16.4675001400;61.7536127769
0;Margaritifera0;12.6407032000;57.0709221044
0;Margaritifera0;12.9953311600;57.6265758290
0;Margaritifera0;15.5410655000;59.9024051193
0;Margaritifera0;15.5344705300;59.7989593920
0;Margaritifera0;15.1438707600;62.2852837561
0;Margaritifera0;17.6412567700;63.5882928791
0;Margaritifera0;12.8343223800;56.7732020531
0;Margaritifera0;14.4509144400;62.5147217935
0;Margaritifera0;16.0938932900;62.2458438024
0;Margaritifera0;17.7655348800;63.2016976277
0;Margaritifera0;16.7589470000;63.9201604065
0;Margaritifera0;16.3633566700;61.2152862587
0;Margaritifera0;15.6651211000;61.9297401329
0;Margaritifera0;15.4849575800;62.2610386938
0;Margaritifera0;13.0767336300;56.4007857450
0;Margaritifera0;12.8027078300;56.8718766969
0;Margaritifera0;15.1095645800;59.2666464584
0;Margaritifera0;17.0238049000;61.9790129070
0;Margaritifera0;17.0360635200;63.6940174331
0;Margaritifera0;16.1270734600;61.1306968482
0;Margaritifera0;15.9420394300;61.6104901792
0;Margaritifera0;18.0119291500;62.8593919411
0;Margaritifera0;16.1758808000;61.1989325277
0;Margaritifera0;14.9356449500;62.0700545237
0;Margaritifera0;20.1904435600;64.1788036563
0;Margaritifera0;18.5859216500;66.4028823565
0;Margaritifera0;13.1250855500;56.3886939028
0;Margaritifera0;15.9658124300;61.0581143463
0;Margaritifera0;16.3929225400;60.7820928692
0;Margaritifera0;22.0325771500;66.0397933818
0;Margaritifera0;20.6977171700;66.8357964197
0;Margaritifera0;13.7048813700;56.0863219868
0;Margaritifera0;16.2325476500;60.8981459838
0;Margaritifera0;16.4203570800;61.1927828492
0;Margaritifera0;16.0118668400;61.4246678923
0;Margaritifera0;16.3162951800;63.9219050660
0;Margaritifera0;12.5236504600;57.2679156822
0;Margaritifera0;16.7654955200;62.4919942901
0;Margaritifera0;17.9684457400;63.3968252544
0;Margaritifera0;12.9270779000;56.3628319394
0;Margaritifera0;15.9361668300;61.2761551579
0;Margaritifera0;12.6970693900;61.0633497909
0;Margaritifera0;15.2817476900;61.9361920838
0;Margaritifera0;17.8411648100;63.4665233576
0;Margaritifera0;15.8220622000;60.5670360993
0;Margaritifera0;14.7290014900;60.7613196747
0;Margaritifera0;16.6196189700;61.1093350789
0;Margaritifera0;14.0577032800;57.9744392624
0;Margaritifera0;18.5915245500;63.6052058908
0;Margaritifera0;15.4924640000;61.5160004178
0;Margaritifera0;15.7131155200;61.7739169133
0;Margaritifera0;16.3040965900;61.7118446229
0;Margaritifera0;14.8665392100;61.7916470611
0;Margaritifera0;16.5805211300;62.3159344891
0;Margaritifera0;16.1240028600;61.2396595475
0;Margaritifera0;18.2092453800;64.7281077642
0;Margaritifera0;19.7222359100;65.8608236412
0;Margaritifera0;14.0050087100;57.8839589640
0;Margaritifera0;16.5175753600;61.9417517506
0;Margaritifera0;20.8375200300;65.2055657629
0;Margaritifera0;15.4931756500;61.9338650935
0;Margaritifera0;22.1251074200;66.0722832312
0;Margaritifera0;16.6530737600;62.3436326773
0;Margaritifera0;20.4237479900;66.5367119553
0;Margaritifera0;17.8669693900;64.8496265462
0;Margaritifera0;12.3291971700;57.6966882167
0;Margaritifera0;16.6455358900;61.9476276131
0;Margaritifera0;16.8401493600;62.4065322780
0;Margaritifera0;15.0826092000;58.1978613902
0;Margaritifera0;17.1783300600;61.9889432010
0;Margaritifera0;14.5890839400;59.3470197683
0;Margaritifera0;15.6344042200;62.4178653959
0;Margaritifera0;12.6718484000;59.1284036426
0;Margaritifera0;15.7150905700;61.7871480910
0;Margaritifera0;13.1009755300;56.4450571451
0;Margaritifera0;20.1659006100;64.0936788590
0;Margaritifera0;17.4907738000;62.2235508505
0;Margaritifera0;19.2977307300;64.7512830439
0;Margaritifera0;18.5441312200;64.9983790197
0;Margaritifera0;18.9526671500;64.1793171290
0;Margaritifera0;19.2585427900;64.6710655971
0;Margaritifera0;12.6731239600;57.3859925468
0;Margaritifera0;12.4290590500;57.7934995755
0;Margaritifera0;13.2485757800;59.9429294470
0;Margaritifera0;16.6964821200;63.8090389816
0;Margaritifera0;17.1474342800;65.5522962361
0;Margaritifera0;16.8004337200;61.4752958858
0;Margaritifera0;14.8699985400;56.3189646253
0;Margaritifera0;13.7003535000;56.1720602133
0;Margaritifera0;14.9662803400;62.3990638135
0;Margaritifera0;14.8277490400;60.0749882773
0;Margaritifera0;15.4391814600;59.6455064415
0;Margaritifera0;16.6441233900;65.1150181220
0;Margaritifera0;14.8850668800;59.4490018647
0;Margaritifera0;13.0408565900;56.5154736426
0;Margaritifera0;12.0002086600;59.5314613167
0;Margaritifera0;22.1407958300;66.1425405483
0;Margaritifera0;13.8887200400;55.9566729685
0;Margaritifera0;12.9093486100;60.0348710977
0;Margaritifera0;12.4839540400;57.3658812030
0;Margaritifera0;15.6742902200;56.2158045678
0;Margaritifera0;13.7413265400;56.0992698058
0;Margaritifera0;16.4843894800;61.7986739388
0;Margaritifera0;19.0280336100;63.5706223118
0;Margaritifera0;14.9325465800;59.6063631201
0;Margaritifera0;16.2492213800;63.8685653217
0;Margaritifera0;19.0606188300;63.6956539224
0;Margaritifera0;14.9669757700;59.5314304380
0;Margaritifera0;15.4804687300;63.4349546965
0;Margaritifera0;15.0120539400;62.1619068191
0;Margaritifera0;19.5443203000;64.2100095486
1;Margaritifera1;15.0189521600;56.3924251398
1;Margaritifera1;13.0506346000;57.6696782195
1;Margaritifera1;14.8808855600;59.2285076761
1;Margaritifera1;15.6335598300;60.7483449592
1;Margaritifera1;15.7286744800;62.2327026331
0;Margaritifera0;15.8828983500;65.0279316000
0;Margaritifera0;17.0916152300;61.0448206892
0;Margaritifera0;18.1257940000;63.4483335610
0;Margaritifera0;19.7974743300;66.0171868030
1;Margaritifera1;15.6548705800;59.9689399071
0;Margaritifera0;19.7776319700;63.8386881356
0;Margaritifera0;19.7638927500;65.3985465992
0;Margaritifera0;22.1230262800;66.7491642872
0;Margaritifera0;15.5082334800;57.6615848774
0;Margaritifera0;15.5082334800;57.6615848774
0;Margaritifera0;13.0325414100;56.5736538265
0;Margaritifera0;18.0130448500;64.1088739236
0;Margaritifera0;19.3300508400;63.5924250882
0;Margaritifera0;20.1269958800;63.9697941874
0;Margaritifera0;17.3279157200;63.9260410280
0;Margaritifera0;19.2966526800;64.7486085875
0;Margaritifera0;20.2901101100;64.7814992176
0;Margaritifera0;20.8778856600;64.8475010572
0;Margaritifera0;19.1458492600;65.0801065028
0;Margaritifera0;17.2145193100;65.0582913149
0;Margaritifera0;21.1920659100;65.1453985877
0;Margaritifera0;17.9416739000;65.3403151626
0;Margaritifera0;12.5342248700;57.3255744968
0;Margaritifera0;13.6197726300;57.5997818569
0;Margaritifera0;12.4670206200;57.4517497915
0;Margaritifera0;12.9906623700;57.5555202952
0;Margaritifera0;12.7388517300;57.5220398404
0;Margaritifera0;12.5392218700;57.5268679185
0;Margaritifera0;12.4706981900;57.5415805462
0;Margaritifera0;12.4380114000;57.5598827049
0;Margaritifera0;13.0376358500;57.6036184935
0;Margaritifera0;12.4472205600;57.5924115086
0;Margaritifera0;12.7027386800;57.7827347271
0;Margaritifera0;12.0852691000;57.9766595254
0;Margaritifera0;12.2038823900;57.9606227906
0;Margaritifera0;12.2615813200;57.9806702748
0;Margaritifera0;11.8748377900;58.0187734805
0;Margaritifera0;11.8817792700;58.0203639608
0;Margaritifera0;12.1131942400;58.3574328461
0;Margaritifera0;11.3488973800;58.8706709733
0;Margaritifera0;12.4429173900;58.9613622044
0;Margaritifera0;11.2426544600;58.9718132698
0;Margaritifera0;11.5379083100;58.8835100566
0;Margaritifera0;15.0114626000;59.3425569635
0;Margaritifera0;15.4437032300;60.1920918267
0;Margaritifera0;14.7610641000;60.2415454513
0;Margaritifera0;14.4876226500;60.5722813115
0;Margaritifera0;15.7899935100;60.8850941586
0;Margaritifera0;14.1639745200;61.0684162350
0;Margaritifera0;13.0493935500;61.3564602270
0;Margaritifera0;17.1419292200;62.1572867863
0;Margaritifera0;15.9576909700;62.4678867095
0;Margaritifera0;17.7636833900;62.5823580497
0;Margaritifera0;17.8457159400;62.6367977040
0;Margaritifera0;17.7931681400;62.6652324147
0;Margaritifera0;17.8420217200;62.8353937187
0;Margaritifera0;17.6895138700;63.1356024833
0;Margaritifera0;17.8650630000;63.1141921599
0;Margaritifera0;18.2870133500;63.0772096804
0;Margaritifera0;17.3493000800;63.1309680250
0;Margaritifera0;18.6886254900;63.4846149383
0;Margaritifera0;18.2468342700;63.3686745897
0;Margaritifera0;19.1684456700;63.3659453806
0;Margaritifera0;18.2794554700;63.4037280093
0;Margaritifera0;18.5244981200;63.4103144342
0;Margaritifera0;16.8662773000;63.4890388638
0;Margaritifera0;18.7947583900;63.4732292753
0;Margaritifera0;17.5848149700;63.5559774088
0;Margaritifera0;17.8525907000;64.7862341827
0;Margaritifera0;16.5349391000;65.9376812572
0;Margaritifera0;20.4119246800;65.2298441487
0;Margaritifera0;17.8747954200;64.1418190826
0;Margaritifera0;20.3522445600;65.2670599559
0;Margaritifera0;15.8530559100;57.2367709195
0;Margaritifera0;12.7399489600;57.9709083671
0;Margaritifera0;12.5101451100;59.2267465045
0;Margaritifera0;12.6120468700;59.4257652750
0;Margaritifera0;12.5157920100;59.9310349461
0;Margaritifera0;13.7019584500;59.9975531713
0;Margaritifera0;14.3324816600;59.4960563256
0;Margaritifera0;14.6926552500;61.5971315054
0;Margaritifera0;14.7680052700;61.5426270027
0;Margaritifera0;15.1838327100;61.9957200753
0;Margaritifera0;16.8669498800;61.6234114539
0;Margaritifera0;17.1465019100;62.1570633192
0;Margaritifera0;17.1721756800;61.9059550163
0;Margaritifera0;15.3863011500;62.2926127288
0;Margaritifera0;14.7124735500;60.9449066841
2;;19.6648379200;64.3573713075
2;;18.0732597700;64.7383659579
2;;16.6881711700;65.6150673560
2;;19.3961790200;65.9644661318
2;;15.1102480800;57.4903688387
2;;15.5517528200;57.6202526285
2;;14.0972604600;58.0216779451
2;;14.1408376600;58.0695954115
2;;14.1133148700;58.0002327638
2;;13.6066916400;57.5869712053
2;;14.4754883300;56.0561859780
2;;13.3174098300;56.1385678440
2;;13.2684323100;56.3442132786
2;;12.3317076500;57.2597436337
2;;12.4710327100;57.1479002039
2;;12.9030818000;57.6041796168
2;;13.0386230700;57.5206222052
2;;12.9761128300;57.5366618342
2;;13.0419217100;57.3336490544
2;;12.1705989400;57.8085092615
2;;12.4113401300;58.1697191845
2;;12.2851168600;58.6948605606
2;;11.2839390800;58.9554227873
2;;12.6314917600;59.4966596965
2;;12.2852885700;59.5754980649
2;;14.0202680300;59.6579388586
2;;12.4957556900;59.7113265383
2;;12.5320896700;59.8742955871
2;;13.2552268600;60.0377439500
2;;13.6889790700;60.0926259577
2;;12.7002142700;60.3082875252
2;;13.6804914700;60.0256018710
2;;12.9312465900;60.3627606130
2;;12.9178398300;59.9275954395
2;;12.6068366700;59.6485915557
2;;14.1066604600;59.8245537634
2;;14.3305804500;59.8012334404
2;;15.4200371100;59.9824492056
2;;14.7498493000;60.2154049000
2;;13.8574678100;60.4982325558
2;;15.2737958600;60.7320986060
2;;16.3861398300;60.7845157222
2;;15.6794747700;60.8271761795
2;;13.7510431800;60.9048547913
2;;16.2089084200;60.9110568200
2;;13.9847218400;60.9766206723
2;;13.0641422200;61.5284244337
2;;15.5475212500;61.9429958409
2;;15.6709800000;62.0673998222
2;;15.5143901400;62.3619350135
2;;16.0657492100;62.4495535956
2;;17.1269956600;61.2053158428
2;;14.4193699000;61.6820401960
2;;15.0567929400;62.1297691963
2;;14.8934023400;62.1708696370
2;;14.7546997400;62.2683291800
2;;17.3839728000;62.3010360415
2;;14.3828033800;62.6930708135
2;;15.2469354800;62.5031237506
2;;15.4049812900;62.6706410707
2;;15.3449542500;62.5771473781
2;;16.0441271500;64.1017445162
2;;14.9191393200;64.2407900490
2;;15.4923388000;64.5404154406
