species,longitude,latitude
Margaritifera,15.2347493432532,61.5212833991189
Margaritifera,15.0317920384307,61.7648583988559
Margaritifera,15.1786354752614,61.7565678645054
Margaritifera,16.4907699106317,61.8798061679445
Margaritifera,16.5949044674942,61.9367033406443
Margaritifera,16.6630593626123,61.9813299475414
Margaritifera,16.6241697986761,62.0137123248814
Margaritifera,17.1753431038015,62.0490587577793
Margaritifera,20.5689551752827,66.3278863498747
Margaritifera,14.8328971420836,62.2172535122002
Margaritifera,14.628804913921,62.3448598874466
Margaritifera,15.0712388396601,57.794223276485
Margaritifera,16.5620064597046,61.439150460146
Margaritifera,19.8087398564541,65.8953057099262
Margaritifera,18.1923094772076,63.7219311674958
Margaritifera,15.3357078714716,62.5942151095369
Margaritifera,17.2996134140593,63.1003183993224
Margaritifera,14.8714121046348,63.8286341994028
Margaritifera,14.7662294417024,62.1549957672925
Margaritifera,19.8129691164741,66.0805426876541
Margaritifera,16.9396765207065,63.1110874389602
Margaritifera,16.217144821837,62.4737200851543
Margaritifera,12.4778778457954,59.7567572317501
Margaritifera,15.9033358509617,62.6622399409787
Margaritifera,15.8069829435862,62.7536663762238
Margaritifera,16.2943694855318,63.1496472464119
Margaritifera,16.0438146245218,65.2616885497868
Margaritifera,19.7624008585233,65.8238786223258
Margaritifera,16.6623009755152,60.8836277366272
Margaritifera,15.7272318755769,62.01030030715
Margaritifera,17.9169184000048,63.0854069354809
Margaritifera,19.7469739183202,65.852198846261
Margaritifera,16.2098951464781,63.6490525863862
Margaritifera,15.8745087972135,61.2985447864036
Margaritifera,20.1977683565296,66.6683961920693
Margaritifera,16.8234052649731,63.8437954251788
Margaritifera,18.137603920555,63.0347495440713
Margaritifera,14.9093583047089,62.2154843960515
Margaritifera,14.559680065321,59.5915692473455
Margaritifera,16.9621372685478,62.5826778617812
Margaritifera,12.464981071669,59.6428345504368
Margaritifera,15.4020720945584,62.3851761110532
Margaritifera,16.4530008073732,62.4646858794862
Margaritifera,16.6279263815785,62.5784180064559
Margaritifera,15.1764735673667,63.7556315222939
Margaritifera,15.5784116121441,64.4561091108031
Margaritifera,15.0117285883662,59.5020158362517
Margaritifera,14.5236262774574,59.5849326376803
Margaritifera,17.4689570485928,62.1647469996334
Margaritifera,16.8115402784189,62.4202942976823
Margaritifera,15.5279136005592,62.5573770300974
Margaritifera,18.2493119704499,63.0816824702097
Margaritifera,16.2781871551992,62.6654913666816
Margaritifera,15.5784116121441,64.4561091108031
Margaritifera,16.0528869390189,65.2297426013899
Margaritifera,20.6022106017672,66.5696281465968
Margaritifera,16.2152886492323,60.8766632499119
Margaritifera,15.6164015970496,62.6586154360699
Margaritifera,16.2176510307942,63.1536561900753
Margaritifera,16.1977465950869,63.6918872054115
Margaritifera,20.8704773428913,65.7357130210052
Margaritifera,19.0391077833311,65.7105487053145
Margaritifera,15.8020126316474,57.2009573498372
Margaritifera,17.1337529017505,62.7309197387422
Margaritifera,20.4711460903662,66.631564851924
Margaritifera,18.5471486917624,64.9881645259801
Margaritifera,15.5691618177844,62.3605369819758
Margaritifera,15.7960687736846,62.6115546759541
Margaritifera,15.4207349705325,64.5817805750218
Margaritifera,14.6131297230817,64.3669922652017
Margaritifera,17.9323870227549,64.1757962983265
Margaritifera,17.6745531949523,64.1938187045212
Margaritifera,14.5792831671233,59.3973227844819
Margaritifera,14.9063111393028,59.4196450896548
Margaritifera,14.505490872194,60.575428287626
Margaritifera,16.9416857838979,62.2766277665624
Margaritifera,15.1351292513771,62.5705060958178
Margaritifera,16.8959216279246,62.5772787408733
Margaritifera,15.1189453818962,59.5519445282878
Margaritifera,16.1896986486298,61.132100008477
Margaritifera,18.8857728340027,64.8268621833504
Margaritifera,13.2776034179386,59.9527600679265
Margaritifera,15.3713330900095,61.9456208519538
Margaritifera,16.7173105082227,62.6018867280599
Margaritifera,17.7863845118147,62.6896813057365
Margaritifera,16.5998304155285,62.8087508592192
Margaritifera,18.0307875507853,63.0340875431639
Margaritifera,16.5190049429517,63.4361508397095
Margaritifera,17.3267324218724,65.5163674513538
Margaritifera,20.5569136681279,66.6113209645519
Margaritifera,13.5662422108822,57.8315753771585
Margaritifera,19.0551873718839,64.7864250345069
Margaritifera,15.8431560793369,64.9027479313035
Margaritifera,20.7045686693746,67.0714777183944
Margaritifera,14.7217524029352,59.6513164931445
Margaritifera,15.1623627679814,60.4752803691372
Margaritifera,16.8403976496563,61.6118284409949
Margaritifera,16.829613039464,62.3201252233906
Margaritifera,14.1989522740859,59.6834608645733
Margaritifera,16.893352087699,61.3595686562789
Margaritifera,17.8620529407048,64.8270105144592
Margaritifera,16.2082156166967,65.0791776021785
Margaritifera,22.0883069467945,66.0549942142152
Margaritifera,23.5927579947356,66.5924458923071
Margaritifera,14.9067989333047,59.9588043172183
Margaritifera,20.299034057168,64.4413300968886
Margaritifera,16.117345622542,64.8186964519119
Margaritifera,16.2541378233397,65.1802962413988
Margaritifera,21.1127208906771,65.4974073884352
Margaritifera,13.2887907047198,60.94117885031
Margaritifera,14.7008962742867,62.5016664207533
Margaritifera,17.1024340364959,65.4710994905388
Margaritifera,15.6172955819266,62.657498476486
Margaritifera,14.5125493537036,62.9152458962414
Margaritifera,20.3875370377764,65.2386857051851
Margaritifera,18.8193479399691,63.9425340611986
Margaritifera,17.5472656086155,65.5650031610317
Margaritifera,14.8514846323843,59.4578402787861
Margaritifera,16.0457903401001,65.2715635731103
Margaritifera,19.8512071063961,66.0645315196947
Margaritifera,20.4983045538587,66.389594551744
Margaritifera,21.7984211384931,67.3702994519609
Margaritifera,12.9109745911984,56.2641293043258
Margaritifera,16.5096238413673,60.8375206849391
Margaritifera,15.815368021223,61.7575115481623
Margaritifera,14.4798958049696,64.4064868143222
Margaritifera,19.9756770931487,66.5333319781296
Margaritifera,14.984646227773,62.499203246873
Margaritifera,14.874684720734,63.9198058936068
Margaritifera,20.75185971068,65.5198894327291
Margaritifera,15.0144378134261,59.4763508231055
Margaritifera,16.6974359305332,61.4663629240904
Margaritifera,16.0806238231265,62.630034317863
Margaritifera,16.3223508780237,65.1432312151243
Margaritifera,12.6606049408378,56.9872087240373
Margaritifera,15.5208428927381,59.9192244819412
Margaritifera,14.8118275020075,60.5629133145862
Margaritifera,12.3391344041899,59.9504880101454
Margaritifera,18.7313850283366,64.4636749586652
Margaritifera,17.2904138713192,65.4478788550675
Margaritifera,19.2298386273847,65.5742802519927
Margaritifera,17.4804876430019,65.743927129372
Margaritifera,20.102107365752,66.5778392491385
Margaritifera,17.5777509570489,62.9630054156173
Margaritifera,16.317745612901,65.1527035695291
Margaritifera,16.4296843519698,60.7518220160095
Margaritifera,15.534638295754,64.5679516217134
Margaritifera,21.5243124753048,66.1451027431746
Margaritifera,15.3650684305745,57.4929789568494
Margaritifera,19.0057858117428,63.312456671479
Margaritifera,16.6445308216056,63.835267735969
Margaritifera,14.682250154608,59.1536903882235
Margaritifera,14.7129296737292,57.5198504761097
Margaritifera,14.9247646834945,59.3221327784216
Margaritifera,16.7972657583283,61.5170661271581
Margaritifera,15.1425091338295,62.3356146603053
Margaritifera,14.9227117786288,61.9558749293373
Margaritifera,15.8788025355359,61.3099102366367
Margaritifera,16.6773078612857,61.4578482637003
Margaritifera,16.2026590995118,62.1250950387247
Margaritifera,20.821153993464,65.0938215893681
Margaritifera,17.4722923626598,65.7445089032574
Margaritifera,15.8414002320108,65.0173310286587
Margaritifera,20.5771488234756,65.6680319310015
Margaritifera,15.6077007420465,57.4374537514361
Margaritifera,12.7900160107713,56.8761638801762
Margaritifera,12.1031277838996,58.1840745225404
Margaritifera,12.916352470773,59.8525692165539
Margaritifera,12.8840968832652,59.9055632916768
Margaritifera,12.7730213835997,61.6730023419958
Margaritifera,16.1052217828182,62.24821382095
Margaritifera,16.7636012760766,63.623174943265
Margaritifera,18.8101223602038,63.8775453753631
Margaritifera,12.8288991590543,57.6493179902931
Margaritifera,12.2119338731952,58.9561137814965
Margaritifera,15.4196183342882,60.5537316280363
Margaritifera,15.8089359159313,62.7520574006745
Margaritifera,15.3714969653342,57.7297798242599
Margaritifera,11.911249201055,58.2163490665918
Margaritifera,14.9447230826529,60.6023331243976
Margaritifera,19.1163361780419,63.3424261592372
Margaritifera,15.0007055077831,61.9608427162759
Margaritifera,13.7846677964452,60.8424343105169
Margaritifera,18.3580058227984,63.216892472191
Margaritifera,14.5747044421086,59.5588509774125
Margaritifera,20.3559880562988,64.7412120601635
Margaritifera,14.5245720272074,59.4726673524113
Margaritifera,17.7098710446982,62.6140382148226
Margaritifera,19.9978305650849,66.4268691047507
Margaritifera,14.7745286043644,60.5733784236871
Margaritifera,19.7559458562394,63.8405468355966
Margaritifera,15.0024172111841,60.4478506660654
Margaritifera,14.663809161133,61.7601144766778
Margaritifera,17.1010131230828,62.5755251704684
Margaritifera,20.3668369071293,64.1504941825792
Margaritifera,22.2237627705461,66.2577035671349
Margaritifera,15.6472776398371,61.4878198011083
Margaritifera,15.2586133579433,61.9446665699455
Margaritifera,17.6388688518965,62.9465550600128
Margaritifera,15.9463024618049,59.6524548082873
Margaritifera,20.8991281860298,67.222408639236
Margaritifera,17.2795739299642,65.3716577006142
Margaritifera,20.2960901128056,67.2965761685289
Margaritifera,19.7987420537898,66.0709146768957
Margaritifera,16.9913593057461,62.3277526995105
Margaritifera,17.3611479870956,63.199581904139
Margaritifera,12.5391036555403,57.5122629600319
Margaritifera,12.3442978437461,58.0095548588063
Margaritifera,16.4447056194161,61.5957509442929
Margaritifera,13.6470876409512,57.8210094656885
Margaritifera,12.8860498091223,57.2979335128147
Margaritifera,17.0414198724807,61.5469031232646
Margaritifera,15.8638693494608,64.946276548867
Margaritifera,16.1132960255048,61.0298633970677
Margaritifera,15.8311213244865,62.097392648059
Margaritifera,21.345654452113,66.2921170156082
Margaritifera,20.3316199040045,66.5802190061241
Margaritifera,14.5977184093937,59.3275953994644
Margaritifera,16.8533017765825,63.6758381791499
Margaritifera,20.4853761725114,65.4658463158532
Margaritifera,21.9979915624346,66.07721613992
Margaritifera,20.3056478060622,67.2805509474979
Margaritifera,16.2251778205016,61.9556593394169
Margaritifera,17.2722432510224,62.1225838814339
Margaritifera,14.5204064529595,60.3208614595863
Margaritifera,16.0818356019947,62.2590629003336
Margaritifera,18.9097347219297,63.7289082907977
Margaritifera,14.2929765209876,60.9970397989828
Margaritifera,15.851412723874,61.5425218705716
Margaritifera,15.7868236446768,61.7546438326388
Margaritifera,12.6749028275832,61.737794756306
Margaritifera,16.8647606968999,62.5090112120413
Margaritifera,16.8034583331762,62.7879192167669
Margaritifera,12.7782381451004,56.9794414025238
Margaritifera,15.875405361227,61.6469871561457
Margaritifera,16.266308543695,65.4505938643445
Margaritifera,20.7589392795152,65.9199246246927
Margaritifera,12.6524910768623,59.4476734367761
Margaritifera,17.0869628497156,62.4191985189533
Margaritifera,17.2207751941049,65.914452463326
Margaritifera,19.8670138171658,66.0482224214991
Margaritifera,14.9082230312003,59.6700059015314
Margaritifera,14.8425997757788,64.2424596129751
Margaritifera,15.9117311134627,60.7401166024751
Margaritifera,17.8306761246617,63.5015606308726
Margaritifera,20.6092020552258,66.3261214633638
Margaritifera,14.8236506431319,62.2266582204073
Margaritifera,20.3794735033072,64.7320269292095
Margaritifera,16.9969046943142,65.394518534236
Margaritifera,20.9248290158804,65.6732272963469
Margaritifera,15.6925604529214,57.5240620750974
Margaritifera,15.5165740113502,56.2309931936918
Margaritifera,16.0407133213155,64.9312111544369
Margaritifera,16.6341614767675,61.0394502853033
Margaritifera,21.143576398721,65.5422316123871
Margaritifera,16.861597307489,62.519639215477
Margaritifera,16.7363693160843,63.9283501763026
Margaritifera,14.6818347556398,62.517933690812
Margaritifera,12.6567769159378,59.3114582225659
Margaritifera,14.6184724025477,61.777312552699
Margaritifera,14.729522735202,62.3372289488494
Margaritifera,16.840782562362,62.5781048650408
Margaritifera,17.7114343414434,62.5089407579094
Margaritifera,12.4499705105403,57.6042841975173
Margaritifera,16.4901835033192,60.7380081801584
Margaritifera,15.3045778069146,62.0476426348745
Margaritifera,14.9016712058857,62.0544513191534
Margaritifera,14.589426114794,62.3606641698218
Margaritifera,20.3408007037285,65.8333795334235
Margaritifera,21.3314706881965,67.3516326184032
Margaritifera,13.8685472238147,57.6810645061763
Margaritifera,15.9848941904867,62.6131279107342
Margaritifera,19.6627752371124,63.6052417465253
Margaritifera,15.6144612185179,56.2223606554024
Margaritifera,14.0292535289502,61.2162426600011
Margaritifera,16.1966462279401,61.1920436273685
Margaritifera,15.1039513788482,56.180321138981
Margaritifera,12.8928983847062,60.3851702266751
Margaritifera,16.0776881255349,60.6473076072175
Margaritifera,17.8778343238179,62.7075683239772
Margaritifera,20.8711612604844,67.4412297089878
Margaritifera,12.6464156570425,57.0893529952721
Margaritifera,20.1760158571541,63.8880057335249
Margaritifera,19.7767078577032,65.8221461660566
Margaritifera,15.0955441043328,57.8317534185146
Margaritifera,15.3918329406547,57.5137119494134
Margaritifera,17.357187820875,63.129633893632
Margaritifera,17.442334562342,63.3014505604768
Margaritifera,15.0335840030821,59.8094423065201
Margaritifera,16.4231953209497,61.1909482531028
Margaritifera,14.7836290998863,61.6464823637874
Margaritifera,15.6244394948876,61.8918141927486
Margaritifera,19.0979071830835,64.3980095807152
Margaritifera,19.0884059448889,65.5341375021819
Margaritifera,19.1834189838733,66.5666393687477
Margaritifera,13.6841169104908,57.8817847044354
Margaritifera,14.7809608129739,59.1787701331822
Margaritifera,15.1047198852285,59.8071061637798
Margaritifera,15.4737605207155,61.6429967042979
Margaritifera,16.8126950673141,62.3154624056808
Margaritifera,21.0219127135676,66.2467164912094
Margaritifera,13.7190203983954,57.5616672741528
Margaritifera,16.0014347356324,60.7677426460469
Margaritifera,15.5207564964626,62.5262209291621
Margaritifera,15.6115847508217,59.9994714478258
Margaritifera,15.108692277365,60.2052973008918
Margaritifera,16.2594146246903,62.0988153895989
Margaritifera,15.6776142509778,64.1409927398875
Margaritifera,20.2098360359963,65.288675543994
Margaritifera,16.5770117313992,61.011296276181
Margaritifera,21.8711255695562,66.4107707812165
Margaritifera,16.5613245347935,61.5068785609184
Margaritifera,16.781254094117,61.600911469575
Margaritifera,12.1676543877709,57.4956244580021
Margaritifera,16.4897560808973,61.1242345447658
Margaritifera,16.7626798482239,61.4202055175308
Margaritifera,19.8035340158988,66.0741195855038
Margaritifera,15.5820772916219,57.4225280400853
Margaritifera,13.0136266801647,60.1524534356874
Margaritifera,14.8269984980066,60.077627176432
Margaritifera,12.6641754469242,57.0521040630713
Margaritifera,16.9350416590091,61.590272003992
Margaritifera,14.9808209582441,61.8038023776926
Margaritifera,16.8846627548657,61.8347012890969
Margaritifera,14.255269917978,58.4169419304643
Margaritifera,15.2545366596239,62.3448079960327
Margaritifera,16.0391441512354,62.4161718819304
Margaritifera,17.6396114076738,63.0013696574881
Margaritifera,12.1933982428551,59.8223805789594
Margaritifera,12.2154916545111,58.7509191553783
Margaritifera,18.6828720545201,63.3278334467424
Margaritifera,18.0844885449821,63.5708355108711
Margaritifera,16.1734075062144,60.9821431821674
Margaritifera,12.2121941277145,58.7743819111514
Margaritifera,12.4392519140245,59.7579684823333
Margaritifera,17.81341379374,62.7340333402742
Margaritifera,18.514957717241,63.2022327560484
Margaritifera,13.3709890031909,56.0494331743749
Margaritifera,20.263695850055,65.949004372483
Margaritifera,13.9764394848015,55.9295774842053
Margaritifera,13.9477616372923,55.9488975226975
Margaritifera,15.3024817577382,61.9809957494544
Margaritifera,14.8405024792661,62.4738726146689
Margaritifera,14.7782650846152,59.7098014429112
Margaritifera,15.7035515591455,61.3202230808343
Margaritifera,16.093193173179,62.2397986933245
Margaritifera,16.2437410551543,62.7118077467075
Margaritifera,14.1911222647948,64.4603168436741
Margaritifera,14.8405218254592,62.4738816127537
Margaritifera,14.0819803101789,57.9447226622484
Margaritifera,12.1290895051516,57.5409390534915
Margaritifera,12.3930750454726,57.6969422122441
Margaritifera,15.976208358989,62.6144723612376
Margaritifera,16.3941556314833,60.9511098652324
Margaritifera,15.8957681693231,61.7055599955382
Margaritifera,16.0979272290619,61.6686807789497
Margaritifera,16.913614024977,62.1516238346309
Margaritifera,15.615597219474,57.4404696821548
Margaritifera,12.5174167496081,57.6555908005133
Margaritifera,13.1332230249326,60.0245893596858
Margaritifera,17.3101278007482,62.5760533021301
Margaritifera,17.0352554480676,63.4127122324817
Margaritifera,12.8978898608079,59.6866013910683
Margaritifera,16.0732415999156,61.2093195842275
Margaritifera,16.1851279480876,61.6234853146412
Margaritifera,15.7570316159035,62.0673952059161
Margaritifera,15.0820333051168,59.707188290494
Margaritifera,12.6484930666293,57.0914768599607
Margaritifera,13.055148834029,56.6257335726007
Margaritifera,16.8910032466785,62.202352163306
Margaritifera,17.9889119220841,62.9806257638371
Margaritifera,12.5503226634365,57.305364036306
Margaritifera,12.7745444963076,57.4934981228424
Margaritifera,12.7070070795753,57.1284435613977
Margaritifera,16.8079476800223,62.2225850565872
Margaritifera,17.7202989019311,62.5151722894853
Margaritifera,14.9270811861493,59.4136237323958
Margaritifera,16.8182056670459,61.5453170674284
Margaritifera,13.6702879566879,59.9280162504481
Margaritifera,16.9280007788035,62.1973350096668
Margaritifera,19.9783860726532,65.3261024054421
Margaritifera,13.7687558712699,57.8744410044977
Margaritifera,12.6801575443601,57.1038482451865
Margaritifera,16.9437537924867,62.5233150122692
Margaritifera,17.6730448544297,63.0243255064401
Margaritifera,14.4195664771997,58.934800378317
Margaritifera,13.8376060388762,60.2584649160968
Margaritifera,14.3062337892212,60.636891300225
Margaritifera,13.7693802318207,60.8571917159948
Margaritifera,13.0752497172579,61.5078827048038
Margaritifera,16.4675001414299,61.7536127769126
Margaritifera,12.6407032085953,57.0709221044257
Margaritifera,12.9953311610006,57.6265758289965
Margaritifera,15.5410655079193,59.9024051192547
Margaritifera,15.5344705388316,59.7989593920191
Margaritifera,15.1438707661675,62.2852837560891
Margaritifera,17.6412567750049,63.5882928791407
Margaritifera,12.8343223809916,56.7732020530544
Margaritifera,14.4509144442835,62.5147217935414
Margaritifera,16.0938932972201,62.2458438024139
Margaritifera,17.7655348870058,63.2016976277001
Margaritifera,16.7589470084505,63.9201604065104
Margaritifera,16.3633566794401,61.21528625869
Margaritifera,15.6651211066236,61.9297401329428
Margaritifera,15.4849575856529,62.2610386937531
Margaritifera,13.0767336383984,56.4007857449533
Margaritifera,12.8027078300633,56.8718766968582
Margaritifera,15.1095645854941,59.2666464584408
Margaritifera,17.0238049043837,61.9790129070034
Margaritifera,17.0360635267084,63.6940174331095
Margaritifera,16.127073461017,61.1306968481687
Margaritifera,15.9420394392014,61.6104901791823
Margaritifera,18.0119291584097,62.859391941088
Margaritifera,16.1758808090471,61.1989325277373
Margaritifera,14.9356449551882,62.070054523671
Margaritifera,20.190443560984,64.1788036562862
Margaritifera,18.5859216518997,66.4028823565343
Margaritifera,13.1250855552774,56.3886939028496
Margaritifera,15.9658124307557,61.0581143463072
Margaritifera,16.3929225413794,60.7820928691925
Margaritifera,22.0325771546222,66.0397933818055
Margaritifera,20.6977171747,66.8357964196923
Margaritifera,13.7048813738128,56.0863219868365
Margaritifera,16.2325476571068,60.8981459837677
Margaritifera,16.4203570840111,61.1927828492147
Margaritifera,16.011866848326,61.4246678923381
Margaritifera,16.316295186903,63.9219050660257
Margaritifera,12.5236504688399,57.2679156822002
Margaritifera,16.7654955272595,62.4919942901254
Margaritifera,17.9684457473688,63.3968252543856
Margaritifera,12.9270779081855,56.362831939382
Margaritifera,15.9361668397531,61.276155157872
Margaritifera,12.6970693906451,61.0633497908646
Margaritifera,15.2817476959897,61.9361920837931
Margaritifera,17.8411648189065,63.4665233576002
Margaritifera,15.8220622046946,60.567036099263
Margaritifera,14.7290014999019,60.7613196747017
Margaritifera,16.6196189771355,61.1093350788642
Margaritifera,14.0577032804067,57.9744392623668
Margaritifera,18.591524553551,63.6052058908235
Margaritifera,15.4924640046565,61.5160004177802
Margaritifera,15.7131155232275,61.7739169132776
Margaritifera,16.3040965979605,61.7118446228831
Margaritifera,14.8665392176213,61.7916470610593
Margaritifera,16.5805211304615,62.315934489111
Margaritifera,16.1240028691788,61.2396595474654
Margaritifera,18.2092453821187,64.7281077641834
Margaritifera,19.722235910835,65.8608236411988
Margaritifera,14.0050087164431,57.8839589640237
Margaritifera,16.5175753629,61.9417517505964
Margaritifera,20.8375200300279,65.2055657628602
Margaritifera,15.4931756595194,61.9338650935334
Margaritifera,22.1251074277746,66.0722832311589
Margaritifera,16.6530737665048,62.3436326772705
Margaritifera,20.4237479915842,66.53671195525
Margaritifera,17.8669693941211,64.8496265462355
Margaritifera,12.3291971751355,57.6966882167412
Margaritifera,16.6455358973307,61.9476276131007
Margaritifera,16.8401493682697,62.4065322779789
Margaritifera,15.08260920655,58.1978613901979
Margaritifera,17.1783300660993,61.9889432009963
Margaritifera,14.5890839407873,59.3470197682826
Margaritifera,15.6344042243359,62.4178653959371
Margaritifera,12.6718484086389,59.128403642555
Margaritifera,15.7150905768886,61.7871480909883
Margaritifera,13.100975537098,56.4450571450651
Margaritifera,20.1659006141444,64.0936788589527
Margaritifera,17.4907738094505,62.2235508505392
Margaritifera,19.2977307301436,64.751283043905
Margaritifera,18.5441312272871,64.9983790196697
Margaritifera,18.952667158787,64.1793171290374
Margaritifera,19.2585427977624,64.6710655971236
Margaritifera,12.6731239620271,57.3859925468239
Margaritifera,12.4290590562529,57.7934995754606
Margaritifera,13.2485757863329,59.9429294469731
Margaritifera,16.6964821296477,63.8090389815644
Margaritifera,17.1474342894848,65.5522962361236
Margaritifera,16.8004337236881,61.4752958858499
Margaritifera,14.8699985481501,56.318964625316
Margaritifera,13.7003535015743,56.1720602132721
Margaritifera,14.9662803430787,62.3990638135374
Margaritifera,14.8277490484913,60.0749882773061
Margaritifera,15.4391814649282,59.6455064414917
Margaritifera,16.6441233903509,65.115018121981
Margaritifera,14.8850668824989,59.4490018646964
Margaritifera,13.0408565985593,56.515473642561
Margaritifera,12.0002086678654,59.5314613166573
Margaritifera,22.140795830931,66.1425405482809
Margaritifera,13.8887200403395,55.9566729684527
Margaritifera,12.909348617144,60.0348710977442
Margaritifera,12.4839540422218,57.3658812029821
Margaritifera,15.6742902236688,56.2158045678424
Margaritifera,13.7413265409181,56.0992698057918
Margaritifera,16.4843894852689,61.7986739387649
Margaritifera,19.0280336116824,63.5706223117588
Margaritifera,14.9325465880552,59.6063631200649
Margaritifera,16.2492213801525,63.868565321664
Margaritifera,19.060618833168,63.6956539224162
Margaritifera,14.9669757735973,59.5314304380087
Margaritifera,15.48046873005,63.4349546965376
Margaritifera,15.0120539454671,62.1619068191477
Margaritifera,19.544320303245,64.2100095485719
Margaritifera,15.0189521643474,56.3924251398182
Margaritifera,13.0506346007836,57.6696782195231
Margaritifera,14.8808855656132,59.2285076761405
Margaritifera,15.6335598310279,60.7483449591692
Margaritifera,15.7286744872946,62.2327026331425
Margaritifera,15.8828983527402,65.0279316000236
Margaritifera,17.0916152356533,61.0448206892053
Margaritifera,18.1257940028721,63.4483335609679
Margaritifera,19.7974743358294,66.0171868029867
Margaritifera,15.6548705863587,59.9689399070786
Margaritifera,19.7776319793597,63.8386881356232
Margaritifera,19.7638927581763,65.3985465991985
Margaritifera,22.123026285161,66.7491642872362
Margaritifera,15.5082334824252,57.6615848773567
Margaritifera,15.5082334824252,57.6615848773567
Margaritifera,13.0325414106108,56.5736538265312
Margaritifera,18.0130448597951,64.1088739236304
Margaritifera,19.3300508412146,63.5924250881901
Margaritifera,20.1269958881253,63.9697941873704
Margaritifera,17.3279157268211,63.9260410280473
Margaritifera,19.2966526833891,64.7486085875473
Margaritifera,20.2901101199455,64.7814992175772
Margaritifera,20.8778856657166,64.8475010571595
Margaritifera,19.1458492650023,65.0801065027707
Margaritifera,17.2145193180463,65.058291314947
Margaritifera,21.1920659194306,65.1453985876991
Margaritifera,17.9416739082533,65.3403151625621
Margaritifera,12.5342248700937,57.3255744967579
Margaritifera,13.6197726385912,57.5997818569363
Margaritifera,12.4670206214955,57.4517497915418
Margaritifera,12.9906623783226,57.5555202952348
Margaritifera,12.738851734036,57.5220398403764
Margaritifera,12.5392218768128,57.5268679184733
Margaritifera,12.4706981935865,57.5415805462033
Margaritifera,12.4380114082397,57.5598827049403
Margaritifera,13.037635859882,57.6036184934625
Margaritifera,12.4472205635749,57.5924115085527
Margaritifera,12.7027386851528,57.7827347271031
Margaritifera,12.0852691017605,57.9766595254165
Margaritifera,12.2038823995678,57.9606227906018
Margaritifera,12.2615813273252,57.9806702748301
Margaritifera,11.8748377982351,58.0187734805104
Margaritifera,11.8817792708274,58.0203639607742
Margaritifera,12.1131942422946,58.3574328461328
Margaritifera,11.348897381328,58.8706709733214
Margaritifera,12.4429173973204,58.9613622043549
Margaritifera,11.2426544679467,58.9718132697915
Margaritifera,11.5379083172294,58.8835100565578
Margaritifera,15.0114626026953,59.3425569635228
Margaritifera,15.4437032309796,60.1920918267489
Margaritifera,14.761064105445,60.2415454513368
Margaritifera,14.4876226530045,60.5722813115169
Margaritifera,15.789993514279,60.8850941585844
Margaritifera,14.1639745232215,61.0684162350142
Margaritifera,13.0493935530256,61.3564602270332
Margaritifera,17.1419292292954,62.1572867863443
Margaritifera,15.9576909770355,62.46788670954
Margaritifera,17.7636833930922,62.5823580496613
Margaritifera,17.8457159496204,62.6367977040314
Margaritifera,17.7931681422931,62.6652324146701
Margaritifera,17.8420217262379,62.8353937186826
Margaritifera,17.6895138712945,63.1356024832953
Margaritifera,17.8650630009415,63.1141921599001
Margaritifera,18.2870133585625,63.0772096803903
Margaritifera,17.3493000882852,63.130968024988
Margaritifera,18.6886254940158,63.4846149383469
Margaritifera,18.2468342759903,63.3686745896772
Margaritifera,19.1684456784312,63.3659453806028
Margaritifera,18.2794554756479,63.4037280093443
Margaritifera,18.5244981257082,63.4103144341632
Margaritifera,16.8662773077307,63.4890388638016
Margaritifera,18.794758396459,63.4732292753118
Margaritifera,17.5848149760087,63.5559774088398
Margaritifera,17.852590705929,64.7862341827278
Margaritifera,16.5349391060156,65.9376812571508
Margaritifera,20.411924680408,65.2298441487425
Margaritifera,17.8747954207893,64.1418190825939
Margaritifera,20.3522445695789,65.267059955929
Margaritifera,15.8530559152862,57.2367709194922
Margaritifera,12.7399489680393,57.9709083670757
Margaritifera,12.5101451102948,59.2267465045296
Margaritifera,12.6120468781778,59.4257652750456
Margaritifera,12.5157920109803,59.9310349460503
Margaritifera,13.7019584551587,59.9975531713001
Margaritifera,14.3324816632743,59.4960563255647
Margaritifera,14.6926552508661,61.5971315054452
Margaritifera,14.7680052707987,61.5426270026886
Margaritifera,15.183832712884,61.9957200752641
Margaritifera,16.8669498852621,61.6234114539369
Margaritifera,17.1465019162127,62.1570633191511
Margaritifera,17.1721756853904,61.9059550162835
Margaritifera,15.3863011546053,62.2926127288114
Margaritifera,14.7124735540506,60.9449066840708
Margaritifera,19.6648379278634,64.3573713075134
Margaritifera,18.0732597743276,64.7383659578595
Margaritifera,16.6881711767308,65.6150673559698
Margaritifera,19.3961790212967,65.9644661317954
Margaritifera,15.1102480860777,57.4903688387006
Margaritifera,15.5517528204501,57.6202526284803
Margaritifera,14.0972604693348,58.0216779450541
Margaritifera,14.1408376644782,58.0695954114541
Margaritifera,14.1133148770112,58.0002327638179
Margaritifera,13.6066916403673,57.5869712053337
Margaritifera,14.4754883307554,56.0561859780088
Margaritifera,13.3174098332363,56.1385678439708
Margaritifera,13.2684323140534,56.3442132786024
Margaritifera,12.331707657665,57.2597436336998
Margaritifera,12.4710327140528,57.1479002038907
Margaritifera,12.9030818049378,57.6041796168277
Margaritifera,13.0386230712751,57.5206222052445
Margaritifera,12.9761128380432,57.5366618341601
Margaritifera,13.0419217121979,57.3336490543557
Margaritifera,12.1705989477806,57.8085092615449
Margaritifera,12.4113401378325,58.1697191845101
Margaritifera,12.2851168657343,58.6948605605743
Margaritifera,11.2839390841408,58.9554227873188
Margaritifera,12.6314917671198,59.4966596965064
Margaritifera,12.2852885787426,59.575498064919
Margaritifera,14.0202680334913,59.6579388585582
Margaritifera,12.4957556918497,59.7113265382507
Margaritifera,12.5320896786929,59.8742955870584
Margaritifera,13.2552268609779,60.0377439500021
Margaritifera,13.6889790789147,60.0926259576738
Margaritifera,12.7002142770071,60.3082875251988
Margaritifera,13.6804914743714,60.025601870989
Margaritifera,12.9312465911847,60.3627606130025
Margaritifera,12.917839839437,59.9275954395389
Margaritifera,12.6068366764788,59.6485915557066
Margaritifera,14.1066604660387,59.8245537634148
Margaritifera,14.3305804581695,59.8012334404348
Margaritifera,15.4200371154082,59.9824492056413
Margaritifera,14.7498493083555,60.2154049000363
Margaritifera,13.8574678157535,60.4982325557892
Margaritifera,15.2737958618911,60.7320986059578
Margaritifera,16.3861398374919,60.7845157222335
Margaritifera,15.6794747728836,60.8271761795294
Margaritifera,13.7510431855178,60.9048547913486
Margaritifera,16.208908426883,60.9110568200472
Margaritifera,13.98472184831,60.9766206723013
Margaritifera,13.0641422287878,61.5284244336581
Margaritifera,15.5475212552148,61.9429958409223
Margaritifera,15.6709800011559,62.067399822239
Margaritifera,15.5143901474885,62.3619350135318
Margaritifera,16.0657492198049,62.4495535955643
Margaritifera,17.1269956670141,61.2053158428352
Margaritifera,14.4193699040857,61.6820401960023
Margaritifera,15.0567929435288,62.1297691963354
Margaritifera,14.8934023433395,62.1708696369788
Margaritifera,14.7546997441318,62.2683291800162
Margaritifera,17.3839728077297,62.3010360414954
Margaritifera,14.3828033880059,62.6930708135198
Margaritifera,15.2469354808221,62.5031237505672
Margaritifera,15.404981295954,62.6706410706739
Margaritifera,15.3449542591954,62.5771473780594
Margaritifera,16.0441271574174,64.1017445161852
Margaritifera,14.9191393210459,64.2407900489845
Margaritifera,15.4923388081997,64.5404154406154
